"status","season","week","week_day","event_date","game_time","tm_nano","tm_market","tm_name","tm_alias","tm_alt_market","tm_alt_alias","opp_nano","opp_market","opp_name","opp_alias","opp_alt_market","opp_alt_alias","tm_location","opp_location","tm_score","opp_score","boxscore_stats_link"
"closed",2023,22,"Sun","2024-02-11","6:30PM","oiGiwWPf0UqMC","Kansas City","Chiefs","KC","kansas-city-chiefs","kan","IwSI92ZDKoazn","San Francisco","49ers","SF","san-francisco-49ers","sfo","N","N",25,22,"https://www.pro-football-reference.com/boxscores/202402110kan.htm"
"closed",2023,21,"Sun","2024-01-28","6:30PM","IwSI92ZDKoazn","San Francisco","49ers","SF","san-francisco-49ers","sfo","FCuH1wdksA2DQ","Detroit","Lions","DET","detroit-lions","det","H","A",34,31,"https://www.pro-football-reference.com/boxscores/202401280sfo.htm"
"closed",2023,21,"Sun","2024-01-28","3:00PM","oiGiwWPf0UqMC","Kansas City","Chiefs","KC","kansas-city-chiefs","kan","zyhFXj1nywrm1","Baltimore","Ravens","BAL","baltimore-ravens","rav","A","H",17,10,"https://www.pro-football-reference.com/boxscores/202401280rav.htm"
"closed",2023,20,"Sun","2024-01-21","3:00PM","FCuH1wdksA2DQ","Detroit","Lions","DET","detroit-lions","det","QMAZH1v922YLu","Tampa Bay","Buccaneers","TB","tampa-bay-buccaneers","tam","H","A",31,23,"https://www.pro-football-reference.com/boxscores/202401210det.htm"
"closed",2023,20,"Sun","2024-01-21","6:30PM","oiGiwWPf0UqMC","Kansas City","Chiefs","KC","kansas-city-chiefs","kan","3VqeLK0LS9rpw","Buffalo","Bills","BUF","buffalo-bills","buf","A","H",27,24,"https://www.pro-football-reference.com/boxscores/202401210buf.htm"
"closed",2023,20,"Sat","2024-01-20","8:15PM","IwSI92ZDKoazn","San Francisco","49ers","SF","san-francisco-49ers","sfo","D5QY6bOxfn8ZL","Green Bay","Packers","GB","green-bay-packers","gnb","H","A",24,21,"https://www.pro-football-reference.com/boxscores/202401200sfo.htm"
"closed",2023,20,"Sat","2024-01-20","4:30PM","zyhFXj1nywrm1","Baltimore","Ravens","BAL","baltimore-ravens","rav","UI0Ax4HUEXFh6","Houston","Texans","HOU","houston-texans","htx","H","A",34,10,"https://www.pro-football-reference.com/boxscores/202401200rav.htm"
"closed",2023,19,"Mon","2024-01-15","8:15PM","QMAZH1v922YLu","Tampa Bay","Buccaneers","TB","tampa-bay-buccaneers","tam","hjjmgzxilGWdr","Philadelphia","Eagles","PHI","philadelphia-eagles","phi","H","A",32,9,"https://www.pro-football-reference.com/boxscores/202401150tam.htm"
"closed",2023,19,"Mon","2024-01-15","4:30PM","3VqeLK0LS9rpw","Buffalo","Bills","BUF","buffalo-bills","buf","SlVgURDFI7EXX","Pittsburgh","Steelers","PIT","pittsburgh-steelers","pit","H","A",31,17,"https://www.pro-football-reference.com/boxscores/202401150buf.htm"
"closed",2023,19,"Sun","2024-01-14","8:15PM","FCuH1wdksA2DQ","Detroit","Lions","DET","detroit-lions","det","u98I1lDKQBwZ0","Los Angeles","Rams","LA","los-angeles-rams","ram","H","A",24,23,"https://www.pro-football-reference.com/boxscores/202401140det.htm"
"closed",2023,19,"Sun","2024-01-14","4:30PM","D5QY6bOxfn8ZL","Green Bay","Packers","GB","green-bay-packers","gnb","KdjU81i7YSFE7","Dallas","Cowboys","DAL","dallas-cowboys","dal","A","H",48,32,"https://www.pro-football-reference.com/boxscores/202401140dal.htm"
"closed",2023,19,"Sat","2024-01-13","8:10PM","oiGiwWPf0UqMC","Kansas City","Chiefs","KC","kansas-city-chiefs","kan","mfbu6O5aMHbJg","Miami","Dolphins","MIA","miami-dolphins","mia","H","A",26,7,"https://www.pro-football-reference.com/boxscores/202401130kan.htm"
"closed",2023,19,"Sat","2024-01-13","4:30PM","UI0Ax4HUEXFh6","Houston","Texans","HOU","houston-texans","htx","IR4gIYmh269EI","Cleveland","Browns","CLE","cleveland-browns","cle","H","A",45,14,"https://www.pro-football-reference.com/boxscores/202401130htx.htm"
"closed",2023,18,"Sun","2024-01-07","4:25PM","KdjU81i7YSFE7","Dallas","Cowboys","DAL","dallas-cowboys","dal","9JtBk8kFeaGEs","Washington","Football Team","WAS","washington-commanders","was","A","H",38,10,"https://www.pro-football-reference.com/boxscores/202401070was.htm"
"closed",2023,18,"Sun","2024-01-07","4:25PM","u98I1lDKQBwZ0","Los Angeles","Rams","LA","los-angeles-rams","ram","IwSI92ZDKoazn","San Francisco","49ers","SF","san-francisco-49ers","sfo","A","H",21,20,"https://www.pro-football-reference.com/boxscores/202401070sfo.htm"
"closed",2023,18,"Sun","2024-01-07","4:25PM","oiGiwWPf0UqMC","Kansas City","Chiefs","KC","kansas-city-chiefs","kan","SjaMbkmeizJD4","Los Angeles","Chargers","LAC","los-angeles-chargers","sdg","A","H",13,12,"https://www.pro-football-reference.com/boxscores/202401070sdg.htm"
"closed",2023,18,"Sun","2024-01-07","4:25PM","LZoDld8s63xUs","Las Vegas","Raiders","LV","las-vegas-raiders","rai","6DclFuycdPaOB","Denver","Broncos","DEN","denver-broncos","den","H","A",27,14,"https://www.pro-football-reference.com/boxscores/202401070rai.htm"
"closed",2023,18,"Sun","2024-01-07","1:00PM","ltMyRE3yvVUaw","Tennessee","Titans","TEN","tennessee-titans","oti","RtOjnciWkJPaL","Jacksonville","Jaguars","JAC","jacksonville-jaguars","jax","H","A",28,20,"https://www.pro-football-reference.com/boxscores/202401070oti.htm"
"closed",2023,18,"Sun","2024-01-07","4:25PM","n8CuHV9wbYCqF","New York","Giants","NYG","new-york-giants","nyg","hjjmgzxilGWdr","Philadelphia","Eagles","PHI","philadelphia-eagles","phi","H","A",27,10,"https://www.pro-football-reference.com/boxscores/202401070nyg.htm"
"closed",2023,18,"Sun","2024-01-07","1:00PM","mexvMWO2v1hWn","New York","Jets","NYJ","new-york-jets","nyj","VkxV91RtzHn65","New England","Patriots","NE","new-england-patriots","nwe","A","H",17,3,"https://www.pro-football-reference.com/boxscores/202401070nwe.htm"
"closed",2023,18,"Sun","2024-01-07","1:00PM","CI5mhfNa0Zqd2","New Orleans","Saints","NO","new-orleans-saints","nor","mLspw4gJNTQGN","Atlanta","Falcons","ATL","atlanta-falcons","atl","H","A",48,17,"https://www.pro-football-reference.com/boxscores/202401070nor.htm"
"closed",2023,18,"Sun","2024-01-07","8:20PM","3VqeLK0LS9rpw","Buffalo","Bills","BUF","buffalo-bills","buf","mfbu6O5aMHbJg","Miami","Dolphins","MIA","miami-dolphins","mia","A","H",21,14,"https://www.pro-football-reference.com/boxscores/202401070mia.htm"
"closed",2023,18,"Sun","2024-01-07","4:25PM","D5QY6bOxfn8ZL","Green Bay","Packers","GB","green-bay-packers","gnb","1vVmWGzUZ1rea","Chicago","Bears","CHI","chicago-bears","chi","H","A",17,9,"https://www.pro-football-reference.com/boxscores/202401070gnb.htm"
"closed",2023,18,"Sun","2024-01-07","1:00PM","FCuH1wdksA2DQ","Detroit","Lions","DET","detroit-lions","det","AzOs5UWsXusSW","Minnesota","Vikings","MIN","minnesota-vikings","min","H","A",30,20,"https://www.pro-football-reference.com/boxscores/202401070det.htm"
"closed",2023,18,"Sun","2024-01-07","4:25PM","4M8AK5p0WXs1N","Seattle","Seahawks","SEA","seattle-seahawks","sea","GJizlkzQFaqGA","Arizona","Cardinals","ARI","arizona-cardinals","crd","A","H",21,20,"https://www.pro-football-reference.com/boxscores/202401070crd.htm"
"closed",2023,18,"Sun","2024-01-07","1:00PM","22ZdibiqvfA2D","Cincinnati","Bengals","CIN","cincinnati-bengals","cin","IR4gIYmh269EI","Cleveland","Browns","CLE","cleveland-browns","cle","H","A",31,14,"https://www.pro-football-reference.com/boxscores/202401070cin.htm"
"closed",2023,18,"Sun","2024-01-07","1:00PM","QMAZH1v922YLu","Tampa Bay","Buccaneers","TB","tampa-bay-buccaneers","tam","jJBGuksuDJF5L","Carolina","Panthers","CAR","carolina-panthers","car","A","H",9,0,"https://www.pro-football-reference.com/boxscores/202401070car.htm"
"closed",2023,18,"Sat","2024-01-06","4:30PM","SlVgURDFI7EXX","Pittsburgh","Steelers","PIT","pittsburgh-steelers","pit","zyhFXj1nywrm1","Baltimore","Ravens","BAL","baltimore-ravens","rav","A","H",17,10,"https://www.pro-football-reference.com/boxscores/202401060rav.htm"
"closed",2023,18,"Sat","2024-01-06","8:15PM","UI0Ax4HUEXFh6","Houston","Texans","HOU","houston-texans","htx","LJmHetie5VbbO","Indianapolis","Colts","IND","indianapolis-colts","clt","A","H",23,19,"https://www.pro-football-reference.com/boxscores/202401060clt.htm"
"closed",2023,17,"Sun","2023-12-31","1:00PM","IwSI92ZDKoazn","San Francisco","49ers","SF","san-francisco-49ers","sfo","9JtBk8kFeaGEs","Washington","Football Team","WAS","washington-commanders","was","A","H",27,10,"https://www.pro-football-reference.com/boxscores/202312310was.htm"
"closed",2023,17,"Sun","2023-12-31","1:00PM","CI5mhfNa0Zqd2","New Orleans","Saints","NO","new-orleans-saints","nor","QMAZH1v922YLu","Tampa Bay","Buccaneers","TB","tampa-bay-buccaneers","tam","A","H",23,13,"https://www.pro-football-reference.com/boxscores/202312310tam.htm"
"closed",2023,17,"Sun","2023-12-31","4:05PM","SlVgURDFI7EXX","Pittsburgh","Steelers","PIT","pittsburgh-steelers","pit","4M8AK5p0WXs1N","Seattle","Seahawks","SEA","seattle-seahawks","sea","A","H",30,23,"https://www.pro-football-reference.com/boxscores/202312310sea.htm"
"closed",2023,17,"Sun","2023-12-31","1:00PM","zyhFXj1nywrm1","Baltimore","Ravens","BAL","baltimore-ravens","rav","mfbu6O5aMHbJg","Miami","Dolphins","MIA","miami-dolphins","mia","H","A",56,19,"https://www.pro-football-reference.com/boxscores/202312310rav.htm"
"closed",2023,17,"Sun","2023-12-31","1:00PM","GJizlkzQFaqGA","Arizona","Cardinals","ARI","arizona-cardinals","crd","hjjmgzxilGWdr","Philadelphia","Eagles","PHI","philadelphia-eagles","phi","A","H",35,31,"https://www.pro-football-reference.com/boxscores/202312310phi.htm"
"closed",2023,17,"Sun","2023-12-31","1:00PM","u98I1lDKQBwZ0","Los Angeles","Rams","LA","los-angeles-rams","ram","n8CuHV9wbYCqF","New York","Giants","NYG","new-york-giants","nyg","A","H",26,25,"https://www.pro-football-reference.com/boxscores/202312310nyg.htm"
"closed",2023,17,"Sun","2023-12-31","8:20PM","D5QY6bOxfn8ZL","Green Bay","Packers","GB","green-bay-packers","gnb","AzOs5UWsXusSW","Minnesota","Vikings","MIN","minnesota-vikings","min","A","H",33,10,"https://www.pro-football-reference.com/boxscores/202312310min.htm"
"closed",2023,17,"Sun","2023-12-31","4:25PM","oiGiwWPf0UqMC","Kansas City","Chiefs","KC","kansas-city-chiefs","kan","22ZdibiqvfA2D","Cincinnati","Bengals","CIN","cincinnati-bengals","cin","H","A",25,17,"https://www.pro-football-reference.com/boxscores/202312310kan.htm"
"closed",2023,17,"Sun","2023-12-31","1:00PM","RtOjnciWkJPaL","Jacksonville","Jaguars","JAC","jacksonville-jaguars","jax","jJBGuksuDJF5L","Carolina","Panthers","CAR","carolina-panthers","car","H","A",26,0,"https://www.pro-football-reference.com/boxscores/202312310jax.htm"
"closed",2023,17,"Sun","2023-12-31","1:00PM","UI0Ax4HUEXFh6","Houston","Texans","HOU","houston-texans","htx","ltMyRE3yvVUaw","Tennessee","Titans","TEN","tennessee-titans","oti","H","A",26,3,"https://www.pro-football-reference.com/boxscores/202312310htx.htm"
"closed",2023,17,"Sun","2023-12-31","4:25PM","6DclFuycdPaOB","Denver","Broncos","DEN","denver-broncos","den","SjaMbkmeizJD4","Los Angeles","Chargers","LAC","los-angeles-chargers","sdg","H","A",16,9,"https://www.pro-football-reference.com/boxscores/202312310den.htm"
"closed",2023,17,"Sun","2023-12-31","1:00PM","LJmHetie5VbbO","Indianapolis","Colts","IND","indianapolis-colts","clt","LZoDld8s63xUs","Las Vegas","Raiders","LV","las-vegas-raiders","rai","H","A",23,20,"https://www.pro-football-reference.com/boxscores/202312310clt.htm"
"closed",2023,17,"Sun","2023-12-31","1:00PM","1vVmWGzUZ1rea","Chicago","Bears","CHI","chicago-bears","chi","mLspw4gJNTQGN","Atlanta","Falcons","ATL","atlanta-falcons","atl","H","A",37,17,"https://www.pro-football-reference.com/boxscores/202312310chi.htm"
"closed",2023,17,"Sun","2023-12-31","1:00PM","3VqeLK0LS9rpw","Buffalo","Bills","BUF","buffalo-bills","buf","VkxV91RtzHn65","New England","Patriots","NE","new-england-patriots","nwe","H","A",27,21,"https://www.pro-football-reference.com/boxscores/202312310buf.htm"
"closed",2023,17,"Sat","2023-12-30","8:15PM","KdjU81i7YSFE7","Dallas","Cowboys","DAL","dallas-cowboys","dal","FCuH1wdksA2DQ","Detroit","Lions","DET","detroit-lions","det","H","A",20,19,"https://www.pro-football-reference.com/boxscores/202312300dal.htm"
"closed",2023,17,"Thu","2023-12-28","8:15PM","IR4gIYmh269EI","Cleveland","Browns","CLE","cleveland-browns","cle","mexvMWO2v1hWn","New York","Jets","NYJ","new-york-jets","nyj","H","A",37,20,"https://www.pro-football-reference.com/boxscores/202312280cle.htm"
"closed",2023,16,"Mon","2023-12-25","8:15PM","zyhFXj1nywrm1","Baltimore","Ravens","BAL","baltimore-ravens","rav","IwSI92ZDKoazn","San Francisco","49ers","SF","san-francisco-49ers","sfo","A","H",33,19,"https://www.pro-football-reference.com/boxscores/202312250sfo.htm"
"closed",2023,16,"Mon","2023-12-25","4:30PM","hjjmgzxilGWdr","Philadelphia","Eagles","PHI","philadelphia-eagles","phi","n8CuHV9wbYCqF","New York","Giants","NYG","new-york-giants","nyg","H","A",33,25,"https://www.pro-football-reference.com/boxscores/202312250phi.htm"
"closed",2023,16,"Mon","2023-12-25","1:00PM","LZoDld8s63xUs","Las Vegas","Raiders","LV","las-vegas-raiders","rai","oiGiwWPf0UqMC","Kansas City","Chiefs","KC","kansas-city-chiefs","kan","A","H",20,14,"https://www.pro-football-reference.com/boxscores/202312250kan.htm"
"closed",2023,16,"Sun","2023-12-24","4:05PM","QMAZH1v922YLu","Tampa Bay","Buccaneers","TB","tampa-bay-buccaneers","tam","RtOjnciWkJPaL","Jacksonville","Jaguars","JAC","jacksonville-jaguars","jax","H","A",30,12,"https://www.pro-football-reference.com/boxscores/202312240tam.htm"
"closed",2023,16,"Sun","2023-12-24","1:00PM","4M8AK5p0WXs1N","Seattle","Seahawks","SEA","seattle-seahawks","sea","ltMyRE3yvVUaw","Tennessee","Titans","TEN","tennessee-titans","oti","A","H",20,17,"https://www.pro-football-reference.com/boxscores/202312240oti.htm"
"closed",2023,16,"Sun","2023-12-24","1:00PM","mexvMWO2v1hWn","New York","Jets","NYJ","new-york-jets","nyj","9JtBk8kFeaGEs","Washington","Football Team","WAS","washington-commanders","was","H","A",30,28,"https://www.pro-football-reference.com/boxscores/202312240nyj.htm"
"closed",2023,16,"Sun","2023-12-24","1:00PM","FCuH1wdksA2DQ","Detroit","Lions","DET","detroit-lions","det","AzOs5UWsXusSW","Minnesota","Vikings","MIN","minnesota-vikings","min","A","H",30,24,"https://www.pro-football-reference.com/boxscores/202312240min.htm"
"closed",2023,16,"Sun","2023-12-24","4:25PM","mfbu6O5aMHbJg","Miami","Dolphins","MIA","miami-dolphins","mia","KdjU81i7YSFE7","Dallas","Cowboys","DAL","dallas-cowboys","dal","H","A",22,20,"https://www.pro-football-reference.com/boxscores/202312240mia.htm"
"closed",2023,16,"Sun","2023-12-24","1:00PM","IR4gIYmh269EI","Cleveland","Browns","CLE","cleveland-browns","cle","UI0Ax4HUEXFh6","Houston","Texans","HOU","houston-texans","htx","A","H",36,22,"https://www.pro-football-reference.com/boxscores/202312240htx.htm"
"closed",2023,16,"Sun","2023-12-24","8:15PM","VkxV91RtzHn65","New England","Patriots","NE","new-england-patriots","nwe","6DclFuycdPaOB","Denver","Broncos","DEN","denver-broncos","den","A","H",26,23,"https://www.pro-football-reference.com/boxscores/202312240den.htm"
"closed",2023,16,"Sun","2023-12-24","4:25PM","1vVmWGzUZ1rea","Chicago","Bears","CHI","chicago-bears","chi","GJizlkzQFaqGA","Arizona","Cardinals","ARI","arizona-cardinals","crd","H","A",27,16,"https://www.pro-football-reference.com/boxscores/202312240chi.htm"
"closed",2023,16,"Sun","2023-12-24","1:00PM","D5QY6bOxfn8ZL","Green Bay","Packers","GB","green-bay-packers","gnb","jJBGuksuDJF5L","Carolina","Panthers","CAR","carolina-panthers","car","A","H",33,30,"https://www.pro-football-reference.com/boxscores/202312240car.htm"
"closed",2023,16,"Sun","2023-12-24","1:00PM","mLspw4gJNTQGN","Atlanta","Falcons","ATL","atlanta-falcons","atl","LJmHetie5VbbO","Indianapolis","Colts","IND","indianapolis-colts","clt","H","A",29,10,"https://www.pro-football-reference.com/boxscores/202312240atl.htm"
"closed",2023,16,"Sat","2023-12-23","8:00PM","3VqeLK0LS9rpw","Buffalo","Bills","BUF","buffalo-bills","buf","SjaMbkmeizJD4","Los Angeles","Chargers","LAC","los-angeles-chargers","sdg","A","H",24,22,"https://www.pro-football-reference.com/boxscores/202312230sdg.htm"
"closed",2023,16,"Sat","2023-12-23","4:30PM","SlVgURDFI7EXX","Pittsburgh","Steelers","PIT","pittsburgh-steelers","pit","22ZdibiqvfA2D","Cincinnati","Bengals","CIN","cincinnati-bengals","cin","H","A",34,11,"https://www.pro-football-reference.com/boxscores/202312230pit.htm"
"closed",2023,16,"Thu","2023-12-21","8:15PM","u98I1lDKQBwZ0","Los Angeles","Rams","LA","los-angeles-rams","ram","CI5mhfNa0Zqd2","New Orleans","Saints","NO","new-orleans-saints","nor","H","A",30,22,"https://www.pro-football-reference.com/boxscores/202312210ram.htm"
"closed",2023,15,"Mon","2023-12-18","8:15PM","4M8AK5p0WXs1N","Seattle","Seahawks","SEA","seattle-seahawks","sea","hjjmgzxilGWdr","Philadelphia","Eagles","PHI","philadelphia-eagles","phi","H","A",20,17,"https://www.pro-football-reference.com/boxscores/202312180sea.htm"
"closed",2023,15,"Sun","2023-12-17","4:05PM","u98I1lDKQBwZ0","Los Angeles","Rams","LA","los-angeles-rams","ram","9JtBk8kFeaGEs","Washington","Football Team","WAS","washington-commanders","was","H","A",28,20,"https://www.pro-football-reference.com/boxscores/202312170ram.htm"
"closed",2023,15,"Sun","2023-12-17","1:00PM","UI0Ax4HUEXFh6","Houston","Texans","HOU","houston-texans","htx","ltMyRE3yvVUaw","Tennessee","Titans","TEN","tennessee-titans","oti","A","H",19,16,"https://www.pro-football-reference.com/boxscores/202312170oti.htm"
"closed",2023,15,"Sun","2023-12-17","1:00PM","oiGiwWPf0UqMC","Kansas City","Chiefs","KC","kansas-city-chiefs","kan","VkxV91RtzHn65","New England","Patriots","NE","new-england-patriots","nwe","A","H",27,17,"https://www.pro-football-reference.com/boxscores/202312170nwe.htm"
"closed",2023,15,"Sun","2023-12-17","1:00PM","CI5mhfNa0Zqd2","New Orleans","Saints","NO","new-orleans-saints","nor","n8CuHV9wbYCqF","New York","Giants","NYG","new-york-giants","nyg","H","A",24,6,"https://www.pro-football-reference.com/boxscores/202312170nor.htm"
"closed",2023,15,"Sun","2023-12-17","1:00PM","mfbu6O5aMHbJg","Miami","Dolphins","MIA","miami-dolphins","mia","mexvMWO2v1hWn","New York","Jets","NYJ","new-york-jets","nyj","H","A",30,0,"https://www.pro-football-reference.com/boxscores/202312170mia.htm"
"closed",2023,15,"Sun","2023-12-17","8:20PM","zyhFXj1nywrm1","Baltimore","Ravens","BAL","baltimore-ravens","rav","RtOjnciWkJPaL","Jacksonville","Jaguars","JAC","jacksonville-jaguars","jax","A","H",23,7,"https://www.pro-football-reference.com/boxscores/202312170jax.htm"
"closed",2023,15,"Sun","2023-12-17","1:00PM","QMAZH1v922YLu","Tampa Bay","Buccaneers","TB","tampa-bay-buccaneers","tam","D5QY6bOxfn8ZL","Green Bay","Packers","GB","green-bay-packers","gnb","A","H",34,20,"https://www.pro-football-reference.com/boxscores/202312170gnb.htm"
"closed",2023,15,"Sun","2023-12-17","4:05PM","IwSI92ZDKoazn","San Francisco","49ers","SF","san-francisco-49ers","sfo","GJizlkzQFaqGA","Arizona","Cardinals","ARI","arizona-cardinals","crd","A","H",45,29,"https://www.pro-football-reference.com/boxscores/202312170crd.htm"
"closed",2023,15,"Sun","2023-12-17","1:00PM","IR4gIYmh269EI","Cleveland","Browns","CLE","cleveland-browns","cle","1vVmWGzUZ1rea","Chicago","Bears","CHI","chicago-bears","chi","H","A",20,17,"https://www.pro-football-reference.com/boxscores/202312170cle.htm"
"closed",2023,15,"Sun","2023-12-17","1:00PM","jJBGuksuDJF5L","Carolina","Panthers","CAR","carolina-panthers","car","mLspw4gJNTQGN","Atlanta","Falcons","ATL","atlanta-falcons","atl","H","A",9,7,"https://www.pro-football-reference.com/boxscores/202312170car.htm"
"closed",2023,15,"Sun","2023-12-17","4:25PM","3VqeLK0LS9rpw","Buffalo","Bills","BUF","buffalo-bills","buf","KdjU81i7YSFE7","Dallas","Cowboys","DAL","dallas-cowboys","dal","H","A",31,10,"https://www.pro-football-reference.com/boxscores/202312170buf.htm"
"closed",2023,15,"Sat","2023-12-16","8:15PM","FCuH1wdksA2DQ","Detroit","Lions","DET","detroit-lions","det","6DclFuycdPaOB","Denver","Broncos","DEN","denver-broncos","den","H","A",42,17,"https://www.pro-football-reference.com/boxscores/202312160det.htm"
"closed",2023,15,"Sat","2023-12-16","4:30PM","LJmHetie5VbbO","Indianapolis","Colts","IND","indianapolis-colts","clt","SlVgURDFI7EXX","Pittsburgh","Steelers","PIT","pittsburgh-steelers","pit","H","A",30,13,"https://www.pro-football-reference.com/boxscores/202312160clt.htm"
"closed",2023,15,"Sat","2023-12-16","1:00PM","22ZdibiqvfA2D","Cincinnati","Bengals","CIN","cincinnati-bengals","cin","AzOs5UWsXusSW","Minnesota","Vikings","MIN","minnesota-vikings","min","H","A",27,24,"https://www.pro-football-reference.com/boxscores/202312160cin.htm"
"closed",2023,15,"Thu","2023-12-14","8:15PM","LZoDld8s63xUs","Las Vegas","Raiders","LV","las-vegas-raiders","rai","SjaMbkmeizJD4","Los Angeles","Chargers","LAC","los-angeles-chargers","sdg","H","A",63,21,"https://www.pro-football-reference.com/boxscores/202312140rai.htm"
"closed",2023,14,"Mon","2023-12-11","8:15PM","n8CuHV9wbYCqF","New York","Giants","NYG","new-york-giants","nyg","D5QY6bOxfn8ZL","Green Bay","Packers","GB","green-bay-packers","gnb","H","A",24,22,"https://www.pro-football-reference.com/boxscores/202312110nyg.htm"
"closed",2023,14,"Mon","2023-12-11","8:15PM","ltMyRE3yvVUaw","Tennessee","Titans","TEN","tennessee-titans","oti","mfbu6O5aMHbJg","Miami","Dolphins","MIA","miami-dolphins","mia","A","H",28,27,"https://www.pro-football-reference.com/boxscores/202312110mia.htm"
"closed",2023,14,"Sun","2023-12-10","4:05PM","IwSI92ZDKoazn","San Francisco","49ers","SF","san-francisco-49ers","sfo","4M8AK5p0WXs1N","Seattle","Seahawks","SEA","seattle-seahawks","sea","H","A",28,16,"https://www.pro-football-reference.com/boxscores/202312100sfo.htm"
"closed",2023,14,"Sun","2023-12-10","4:25PM","6DclFuycdPaOB","Denver","Broncos","DEN","denver-broncos","den","SjaMbkmeizJD4","Los Angeles","Chargers","LAC","los-angeles-chargers","sdg","A","H",24,7,"https://www.pro-football-reference.com/boxscores/202312100sdg.htm"
"closed",2023,14,"Sun","2023-12-10","1:00PM","zyhFXj1nywrm1","Baltimore","Ravens","BAL","baltimore-ravens","rav","u98I1lDKQBwZ0","Los Angeles","Rams","LA","los-angeles-rams","ram","H","A",37,31,"https://www.pro-football-reference.com/boxscores/202312100rav.htm"
"closed",2023,14,"Sun","2023-12-10","4:05PM","AzOs5UWsXusSW","Minnesota","Vikings","MIN","minnesota-vikings","min","LZoDld8s63xUs","Las Vegas","Raiders","LV","las-vegas-raiders","rai","A","H",3,0,"https://www.pro-football-reference.com/boxscores/202312100rai.htm"
"closed",2023,14,"Sun","2023-12-10","1:00PM","mexvMWO2v1hWn","New York","Jets","NYJ","new-york-jets","nyj","UI0Ax4HUEXFh6","Houston","Texans","HOU","houston-texans","htx","H","A",30,6,"https://www.pro-football-reference.com/boxscores/202312100nyj.htm"
"closed",2023,14,"Sun","2023-12-10","1:00PM","CI5mhfNa0Zqd2","New Orleans","Saints","NO","new-orleans-saints","nor","jJBGuksuDJF5L","Carolina","Panthers","CAR","carolina-panthers","car","H","A",28,6,"https://www.pro-football-reference.com/boxscores/202312100nor.htm"
"closed",2023,14,"Sun","2023-12-10","4:25PM","3VqeLK0LS9rpw","Buffalo","Bills","BUF","buffalo-bills","buf","oiGiwWPf0UqMC","Kansas City","Chiefs","KC","kansas-city-chiefs","kan","A","H",20,17,"https://www.pro-football-reference.com/boxscores/202312100kan.htm"
"closed",2023,14,"Sun","2023-12-10","8:20PM","KdjU81i7YSFE7","Dallas","Cowboys","DAL","dallas-cowboys","dal","hjjmgzxilGWdr","Philadelphia","Eagles","PHI","philadelphia-eagles","phi","H","A",33,13,"https://www.pro-football-reference.com/boxscores/202312100dal.htm"
"closed",2023,14,"Sun","2023-12-10","1:00PM","IR4gIYmh269EI","Cleveland","Browns","CLE","cleveland-browns","cle","RtOjnciWkJPaL","Jacksonville","Jaguars","JAC","jacksonville-jaguars","jax","H","A",31,27,"https://www.pro-football-reference.com/boxscores/202312100cle.htm"
"closed",2023,14,"Sun","2023-12-10","1:00PM","22ZdibiqvfA2D","Cincinnati","Bengals","CIN","cincinnati-bengals","cin","LJmHetie5VbbO","Indianapolis","Colts","IND","indianapolis-colts","clt","H","A",34,14,"https://www.pro-football-reference.com/boxscores/202312100cin.htm"
"closed",2023,14,"Sun","2023-12-10","1:00PM","1vVmWGzUZ1rea","Chicago","Bears","CHI","chicago-bears","chi","FCuH1wdksA2DQ","Detroit","Lions","DET","detroit-lions","det","H","A",28,13,"https://www.pro-football-reference.com/boxscores/202312100chi.htm"
"closed",2023,14,"Sun","2023-12-10","1:00PM","QMAZH1v922YLu","Tampa Bay","Buccaneers","TB","tampa-bay-buccaneers","tam","mLspw4gJNTQGN","Atlanta","Falcons","ATL","atlanta-falcons","atl","A","H",29,25,"https://www.pro-football-reference.com/boxscores/202312100atl.htm"
"closed",2023,14,"Thu","2023-12-07","8:15PM","VkxV91RtzHn65","New England","Patriots","NE","new-england-patriots","nwe","SlVgURDFI7EXX","Pittsburgh","Steelers","PIT","pittsburgh-steelers","pit","A","H",21,18,"https://www.pro-football-reference.com/boxscores/202312070pit.htm"
"closed",2023,13,"Mon","2023-12-04","8:15PM","22ZdibiqvfA2D","Cincinnati","Bengals","CIN","cincinnati-bengals","cin","RtOjnciWkJPaL","Jacksonville","Jaguars","JAC","jacksonville-jaguars","jax","A","H",34,31,"https://www.pro-football-reference.com/boxscores/202312040jax.htm"
"closed",2023,13,"Sun","2023-12-03","1:00PM","mfbu6O5aMHbJg","Miami","Dolphins","MIA","miami-dolphins","mia","9JtBk8kFeaGEs","Washington","Football Team","WAS","washington-commanders","was","A","H",45,15,"https://www.pro-football-reference.com/boxscores/202312030was.htm"
"closed",2023,13,"Sun","2023-12-03","4:05PM","QMAZH1v922YLu","Tampa Bay","Buccaneers","TB","tampa-bay-buccaneers","tam","jJBGuksuDJF5L","Carolina","Panthers","CAR","carolina-panthers","car","H","A",21,18,"https://www.pro-football-reference.com/boxscores/202312030tam.htm"
"closed",2023,13,"Sun","2023-12-03","4:25PM","u98I1lDKQBwZ0","Los Angeles","Rams","LA","los-angeles-rams","ram","IR4gIYmh269EI","Cleveland","Browns","CLE","cleveland-browns","cle","H","A",36,19,"https://www.pro-football-reference.com/boxscores/202312030ram.htm"
"closed",2023,13,"Sun","2023-12-03","1:00PM","GJizlkzQFaqGA","Arizona","Cardinals","ARI","arizona-cardinals","crd","SlVgURDFI7EXX","Pittsburgh","Steelers","PIT","pittsburgh-steelers","pit","A","H",24,10,"https://www.pro-football-reference.com/boxscores/202312030pit.htm"
"closed",2023,13,"Sun","2023-12-03","4:25PM","IwSI92ZDKoazn","San Francisco","49ers","SF","san-francisco-49ers","sfo","hjjmgzxilGWdr","Philadelphia","Eagles","PHI","philadelphia-eagles","phi","A","H",42,19,"https://www.pro-football-reference.com/boxscores/202312030phi.htm"
"closed",2023,13,"Sun","2023-12-03","1:00PM","LJmHetie5VbbO","Indianapolis","Colts","IND","indianapolis-colts","clt","ltMyRE3yvVUaw","Tennessee","Titans","TEN","tennessee-titans","oti","A","H",31,28,"https://www.pro-football-reference.com/boxscores/202312030oti.htm"
"closed",2023,13,"Sun","2023-12-03","1:00PM","mLspw4gJNTQGN","Atlanta","Falcons","ATL","atlanta-falcons","atl","mexvMWO2v1hWn","New York","Jets","NYJ","new-york-jets","nyj","A","H",13,8,"https://www.pro-football-reference.com/boxscores/202312030nyj.htm"
"closed",2023,13,"Sun","2023-12-03","1:00PM","SjaMbkmeizJD4","Los Angeles","Chargers","LAC","los-angeles-chargers","sdg","VkxV91RtzHn65","New England","Patriots","NE","new-england-patriots","nwe","A","H",6,0,"https://www.pro-football-reference.com/boxscores/202312030nwe.htm"
"closed",2023,13,"Sun","2023-12-03","1:00PM","FCuH1wdksA2DQ","Detroit","Lions","DET","detroit-lions","det","CI5mhfNa0Zqd2","New Orleans","Saints","NO","new-orleans-saints","nor","A","H",33,28,"https://www.pro-football-reference.com/boxscores/202312030nor.htm"
"closed",2023,13,"Sun","2023-12-03","1:00PM","UI0Ax4HUEXFh6","Houston","Texans","HOU","houston-texans","htx","6DclFuycdPaOB","Denver","Broncos","DEN","denver-broncos","den","H","A",22,17,"https://www.pro-football-reference.com/boxscores/202312030htx.htm"
"closed",2023,13,"Sun","2023-12-03","8:20PM","D5QY6bOxfn8ZL","Green Bay","Packers","GB","green-bay-packers","gnb","oiGiwWPf0UqMC","Kansas City","Chiefs","KC","kansas-city-chiefs","kan","H","A",27,19,"https://www.pro-football-reference.com/boxscores/202312030gnb.htm"
"closed",2023,13,"Thu","2023-11-30","8:15PM","KdjU81i7YSFE7","Dallas","Cowboys","DAL","dallas-cowboys","dal","4M8AK5p0WXs1N","Seattle","Seahawks","SEA","seattle-seahawks","sea","H","A",41,35,"https://www.pro-football-reference.com/boxscores/202311300dal.htm"
"closed",2023,12,"Mon","2023-11-27","8:15PM","1vVmWGzUZ1rea","Chicago","Bears","CHI","chicago-bears","chi","AzOs5UWsXusSW","Minnesota","Vikings","MIN","minnesota-vikings","min","A","H",12,10,"https://www.pro-football-reference.com/boxscores/202311270min.htm"
"closed",2023,12,"Sun","2023-11-26","8:20PM","zyhFXj1nywrm1","Baltimore","Ravens","BAL","baltimore-ravens","rav","SjaMbkmeizJD4","Los Angeles","Chargers","LAC","los-angeles-chargers","sdg","A","H",20,10,"https://www.pro-football-reference.com/boxscores/202311260sdg.htm"
"closed",2023,12,"Sun","2023-11-26","4:25PM","oiGiwWPf0UqMC","Kansas City","Chiefs","KC","kansas-city-chiefs","kan","LZoDld8s63xUs","Las Vegas","Raiders","LV","las-vegas-raiders","rai","A","H",31,17,"https://www.pro-football-reference.com/boxscores/202311260rai.htm"
"closed",2023,12,"Sun","2023-11-26","4:25PM","hjjmgzxilGWdr","Philadelphia","Eagles","PHI","philadelphia-eagles","phi","3VqeLK0LS9rpw","Buffalo","Bills","BUF","buffalo-bills","buf","H","A",37,34,"https://www.pro-football-reference.com/boxscores/202311260phi.htm"
"closed",2023,12,"Sun","2023-11-26","1:00PM","ltMyRE3yvVUaw","Tennessee","Titans","TEN","tennessee-titans","oti","jJBGuksuDJF5L","Carolina","Panthers","CAR","carolina-panthers","car","H","A",17,10,"https://www.pro-football-reference.com/boxscores/202311260oti.htm"
"closed",2023,12,"Sun","2023-11-26","1:00PM","n8CuHV9wbYCqF","New York","Giants","NYG","new-york-giants","nyg","VkxV91RtzHn65","New England","Patriots","NE","new-england-patriots","nwe","H","A",10,7,"https://www.pro-football-reference.com/boxscores/202311260nyg.htm"
"closed",2023,12,"Sun","2023-11-26","1:00PM","RtOjnciWkJPaL","Jacksonville","Jaguars","JAC","jacksonville-jaguars","jax","UI0Ax4HUEXFh6","Houston","Texans","HOU","houston-texans","htx","A","H",24,21,"https://www.pro-football-reference.com/boxscores/202311260htx.htm"
"closed",2023,12,"Sun","2023-11-26","4:05PM","6DclFuycdPaOB","Denver","Broncos","DEN","denver-broncos","den","IR4gIYmh269EI","Cleveland","Browns","CLE","cleveland-browns","cle","H","A",29,12,"https://www.pro-football-reference.com/boxscores/202311260den.htm"
"closed",2023,12,"Sun","2023-11-26","4:05PM","u98I1lDKQBwZ0","Los Angeles","Rams","LA","los-angeles-rams","ram","GJizlkzQFaqGA","Arizona","Cardinals","ARI","arizona-cardinals","crd","A","H",37,14,"https://www.pro-football-reference.com/boxscores/202311260crd.htm"
"closed",2023,12,"Sun","2023-11-26","1:00PM","LJmHetie5VbbO","Indianapolis","Colts","IND","indianapolis-colts","clt","QMAZH1v922YLu","Tampa Bay","Buccaneers","TB","tampa-bay-buccaneers","tam","H","A",27,20,"https://www.pro-football-reference.com/boxscores/202311260clt.htm"
"closed",2023,12,"Sun","2023-11-26","1:00PM","SlVgURDFI7EXX","Pittsburgh","Steelers","PIT","pittsburgh-steelers","pit","22ZdibiqvfA2D","Cincinnati","Bengals","CIN","cincinnati-bengals","cin","A","H",16,10,"https://www.pro-football-reference.com/boxscores/202311260cin.htm"
"closed",2023,12,"Sun","2023-11-26","1:00PM","mLspw4gJNTQGN","Atlanta","Falcons","ATL","atlanta-falcons","atl","CI5mhfNa0Zqd2","New Orleans","Saints","NO","new-orleans-saints","nor","H","A",24,15,"https://www.pro-football-reference.com/boxscores/202311260atl.htm"
"closed",2023,12,"Fri","2023-11-24","3:00PM","mfbu6O5aMHbJg","Miami","Dolphins","MIA","miami-dolphins","mia","mexvMWO2v1hWn","New York","Jets","NYJ","new-york-jets","nyj","A","H",34,13,"https://www.pro-football-reference.com/boxscores/202311240nyj.htm"
"closed",2023,12,"Thu","2023-11-23","8:20PM","IwSI92ZDKoazn","San Francisco","49ers","SF","san-francisco-49ers","sfo","4M8AK5p0WXs1N","Seattle","Seahawks","SEA","seattle-seahawks","sea","A","H",31,13,"https://www.pro-football-reference.com/boxscores/202311230sea.htm"
"closed",2023,12,"Thu","2023-11-23","12:30PM","D5QY6bOxfn8ZL","Green Bay","Packers","GB","green-bay-packers","gnb","FCuH1wdksA2DQ","Detroit","Lions","DET","detroit-lions","det","A","H",29,22,"https://www.pro-football-reference.com/boxscores/202311230det.htm"
"closed",2023,12,"Thu","2023-11-23","4:30PM","KdjU81i7YSFE7","Dallas","Cowboys","DAL","dallas-cowboys","dal","9JtBk8kFeaGEs","Washington","Football Team","WAS","washington-commanders","was","H","A",45,10,"https://www.pro-football-reference.com/boxscores/202311230dal.htm"
"closed",2023,11,"Mon","2023-11-20","8:15PM","hjjmgzxilGWdr","Philadelphia","Eagles","PHI","philadelphia-eagles","phi","oiGiwWPf0UqMC","Kansas City","Chiefs","KC","kansas-city-chiefs","kan","A","H",21,17,"https://www.pro-football-reference.com/boxscores/202311200kan.htm"
"closed",2023,11,"Sun","2023-11-19","1:00PM","n8CuHV9wbYCqF","New York","Giants","NYG","new-york-giants","nyg","9JtBk8kFeaGEs","Washington","Football Team","WAS","washington-commanders","was","A","H",31,19,"https://www.pro-football-reference.com/boxscores/202311190was.htm"
"closed",2023,11,"Sun","2023-11-19","4:05PM","IwSI92ZDKoazn","San Francisco","49ers","SF","san-francisco-49ers","sfo","QMAZH1v922YLu","Tampa Bay","Buccaneers","TB","tampa-bay-buccaneers","tam","H","A",27,14,"https://www.pro-football-reference.com/boxscores/202311190sfo.htm"
"closed",2023,11,"Sun","2023-11-19","4:25PM","u98I1lDKQBwZ0","Los Angeles","Rams","LA","los-angeles-rams","ram","4M8AK5p0WXs1N","Seattle","Seahawks","SEA","seattle-seahawks","sea","H","A",17,16,"https://www.pro-football-reference.com/boxscores/202311190ram.htm"
"closed",2023,11,"Sun","2023-11-19","1:00PM","mfbu6O5aMHbJg","Miami","Dolphins","MIA","miami-dolphins","mia","LZoDld8s63xUs","Las Vegas","Raiders","LV","las-vegas-raiders","rai","H","A",20,13,"https://www.pro-football-reference.com/boxscores/202311190mia.htm"
"closed",2023,11,"Sun","2023-11-19","1:00PM","RtOjnciWkJPaL","Jacksonville","Jaguars","JAC","jacksonville-jaguars","jax","ltMyRE3yvVUaw","Tennessee","Titans","TEN","tennessee-titans","oti","H","A",34,14,"https://www.pro-football-reference.com/boxscores/202311190jax.htm"
"closed",2023,11,"Sun","2023-11-19","1:00PM","UI0Ax4HUEXFh6","Houston","Texans","HOU","houston-texans","htx","GJizlkzQFaqGA","Arizona","Cardinals","ARI","arizona-cardinals","crd","H","A",21,16,"https://www.pro-football-reference.com/boxscores/202311190htx.htm"
"closed",2023,11,"Sun","2023-11-19","1:00PM","D5QY6bOxfn8ZL","Green Bay","Packers","GB","green-bay-packers","gnb","SjaMbkmeizJD4","Los Angeles","Chargers","LAC","los-angeles-chargers","sdg","H","A",23,20,"https://www.pro-football-reference.com/boxscores/202311190gnb.htm"
"closed",2023,11,"Sun","2023-11-19","1:00PM","FCuH1wdksA2DQ","Detroit","Lions","DET","detroit-lions","det","1vVmWGzUZ1rea","Chicago","Bears","CHI","chicago-bears","chi","H","A",31,26,"https://www.pro-football-reference.com/boxscores/202311190det.htm"
"closed",2023,11,"Sun","2023-11-19","8:20PM","6DclFuycdPaOB","Denver","Broncos","DEN","denver-broncos","den","AzOs5UWsXusSW","Minnesota","Vikings","MIN","minnesota-vikings","min","H","A",21,20,"https://www.pro-football-reference.com/boxscores/202311190den.htm"
"closed",2023,11,"Sun","2023-11-19","1:00PM","IR4gIYmh269EI","Cleveland","Browns","CLE","cleveland-browns","cle","SlVgURDFI7EXX","Pittsburgh","Steelers","PIT","pittsburgh-steelers","pit","H","A",13,10,"https://www.pro-football-reference.com/boxscores/202311190cle.htm"
"closed",2023,11,"Sun","2023-11-19","1:00PM","KdjU81i7YSFE7","Dallas","Cowboys","DAL","dallas-cowboys","dal","jJBGuksuDJF5L","Carolina","Panthers","CAR","carolina-panthers","car","A","H",33,10,"https://www.pro-football-reference.com/boxscores/202311190car.htm"
"closed",2023,11,"Sun","2023-11-19","4:25PM","3VqeLK0LS9rpw","Buffalo","Bills","BUF","buffalo-bills","buf","mexvMWO2v1hWn","New York","Jets","NYJ","new-york-jets","nyj","H","A",32,6,"https://www.pro-football-reference.com/boxscores/202311190buf.htm"
"closed",2023,11,"Thu","2023-11-16","8:15PM","zyhFXj1nywrm1","Baltimore","Ravens","BAL","baltimore-ravens","rav","22ZdibiqvfA2D","Cincinnati","Bengals","CIN","cincinnati-bengals","cin","H","A",34,20,"https://www.pro-football-reference.com/boxscores/202311160rav.htm"
"closed",2023,10,"Mon","2023-11-13","8:15PM","6DclFuycdPaOB","Denver","Broncos","DEN","denver-broncos","den","3VqeLK0LS9rpw","Buffalo","Bills","BUF","buffalo-bills","buf","A","H",24,22,"https://www.pro-football-reference.com/boxscores/202311130buf.htm"
"closed",2023,10,"Sun","2023-11-12","1:00PM","QMAZH1v922YLu","Tampa Bay","Buccaneers","TB","tampa-bay-buccaneers","tam","ltMyRE3yvVUaw","Tennessee","Titans","TEN","tennessee-titans","oti","H","A",20,6,"https://www.pro-football-reference.com/boxscores/202311120tam.htm"
"closed",2023,10,"Sun","2023-11-12","4:25PM","4M8AK5p0WXs1N","Seattle","Seahawks","SEA","seattle-seahawks","sea","9JtBk8kFeaGEs","Washington","Football Team","WAS","washington-commanders","was","H","A",29,26,"https://www.pro-football-reference.com/boxscores/202311120sea.htm"
"closed",2023,10,"Sun","2023-11-12","4:05PM","FCuH1wdksA2DQ","Detroit","Lions","DET","detroit-lions","det","SjaMbkmeizJD4","Los Angeles","Chargers","LAC","los-angeles-chargers","sdg","A","H",41,38,"https://www.pro-football-reference.com/boxscores/202311120sdg.htm"
"closed",2023,10,"Sun","2023-11-12","1:00PM","IR4gIYmh269EI","Cleveland","Browns","CLE","cleveland-browns","cle","zyhFXj1nywrm1","Baltimore","Ravens","BAL","baltimore-ravens","rav","A","H",33,31,"https://www.pro-football-reference.com/boxscores/202311120rav.htm"
"closed",2023,10,"Sun","2023-11-12","8:20PM","LZoDld8s63xUs","Las Vegas","Raiders","LV","las-vegas-raiders","rai","mexvMWO2v1hWn","New York","Jets","NYJ","new-york-jets","nyj","H","A",16,12,"https://www.pro-football-reference.com/boxscores/202311120rai.htm"
"closed",2023,10,"Sun","2023-11-12","1:00PM","SlVgURDFI7EXX","Pittsburgh","Steelers","PIT","pittsburgh-steelers","pit","D5QY6bOxfn8ZL","Green Bay","Packers","GB","green-bay-packers","gnb","H","A",23,19,"https://www.pro-football-reference.com/boxscores/202311120pit.htm"
"closed",2023,10,"Sun","2023-11-12","9:30AM","LJmHetie5VbbO","Indianapolis","Colts","IND","indianapolis-colts","clt","VkxV91RtzHn65","New England","Patriots","NE","new-england-patriots","nwe","A","H",10,6,"https://www.pro-football-reference.com/boxscores/202311120nwe.htm"
"closed",2023,10,"Sun","2023-11-12","1:00PM","AzOs5UWsXusSW","Minnesota","Vikings","MIN","minnesota-vikings","min","CI5mhfNa0Zqd2","New Orleans","Saints","NO","new-orleans-saints","nor","H","A",27,19,"https://www.pro-football-reference.com/boxscores/202311120min.htm"
"closed",2023,10,"Sun","2023-11-12","1:00PM","IwSI92ZDKoazn","San Francisco","49ers","SF","san-francisco-49ers","sfo","RtOjnciWkJPaL","Jacksonville","Jaguars","JAC","jacksonville-jaguars","jax","A","H",34,3,"https://www.pro-football-reference.com/boxscores/202311120jax.htm"
"closed",2023,10,"Sun","2023-11-12","4:25PM","KdjU81i7YSFE7","Dallas","Cowboys","DAL","dallas-cowboys","dal","n8CuHV9wbYCqF","New York","Giants","NYG","new-york-giants","nyg","H","A",49,17,"https://www.pro-football-reference.com/boxscores/202311120dal.htm"
"closed",2023,10,"Sun","2023-11-12","4:05PM","GJizlkzQFaqGA","Arizona","Cardinals","ARI","arizona-cardinals","crd","mLspw4gJNTQGN","Atlanta","Falcons","ATL","atlanta-falcons","atl","H","A",25,23,"https://www.pro-football-reference.com/boxscores/202311120crd.htm"
"closed",2023,10,"Sun","2023-11-12","1:00PM","UI0Ax4HUEXFh6","Houston","Texans","HOU","houston-texans","htx","22ZdibiqvfA2D","Cincinnati","Bengals","CIN","cincinnati-bengals","cin","A","H",30,27,"https://www.pro-football-reference.com/boxscores/202311120cin.htm"
"closed",2023,10,"Thu","2023-11-09","8:15PM","1vVmWGzUZ1rea","Chicago","Bears","CHI","chicago-bears","chi","jJBGuksuDJF5L","Carolina","Panthers","CAR","carolina-panthers","car","H","A",16,13,"https://www.pro-football-reference.com/boxscores/202311090chi.htm"
"closed",2023,9,"Mon","2023-11-06","8:15PM","SjaMbkmeizJD4","Los Angeles","Chargers","LAC","los-angeles-chargers","sdg","mexvMWO2v1hWn","New York","Jets","NYJ","new-york-jets","nyj","A","H",27,6,"https://www.pro-football-reference.com/boxscores/202311060nyj.htm"
"closed",2023,9,"Sun","2023-11-05","1:00PM","zyhFXj1nywrm1","Baltimore","Ravens","BAL","baltimore-ravens","rav","4M8AK5p0WXs1N","Seattle","Seahawks","SEA","seattle-seahawks","sea","H","A",37,3,"https://www.pro-football-reference.com/boxscores/202311050rav.htm"
"closed",2023,9,"Sun","2023-11-05","4:25PM","LZoDld8s63xUs","Las Vegas","Raiders","LV","las-vegas-raiders","rai","n8CuHV9wbYCqF","New York","Giants","NYG","new-york-giants","nyg","H","A",30,6,"https://www.pro-football-reference.com/boxscores/202311050rai.htm"
"closed",2023,9,"Sun","2023-11-05","4:25PM","hjjmgzxilGWdr","Philadelphia","Eagles","PHI","philadelphia-eagles","phi","KdjU81i7YSFE7","Dallas","Cowboys","DAL","dallas-cowboys","dal","H","A",28,23,"https://www.pro-football-reference.com/boxscores/202311050phi.htm"
"closed",2023,9,"Sun","2023-11-05","1:00PM","9JtBk8kFeaGEs","Washington","Football Team","WAS","washington-commanders","was","VkxV91RtzHn65","New England","Patriots","NE","new-england-patriots","nwe","A","H",20,17,"https://www.pro-football-reference.com/boxscores/202311050nwe.htm"
"closed",2023,9,"Sun","2023-11-05","1:00PM","CI5mhfNa0Zqd2","New Orleans","Saints","NO","new-orleans-saints","nor","1vVmWGzUZ1rea","Chicago","Bears","CHI","chicago-bears","chi","H","A",24,17,"https://www.pro-football-reference.com/boxscores/202311050nor.htm"
"closed",2023,9,"Sun","2023-11-05","9:30AM","oiGiwWPf0UqMC","Kansas City","Chiefs","KC","kansas-city-chiefs","kan","mfbu6O5aMHbJg","Miami","Dolphins","MIA","miami-dolphins","mia","H","A",21,14,"https://www.pro-football-reference.com/boxscores/202311050kan.htm"
"closed",2023,9,"Sun","2023-11-05","1:00PM","UI0Ax4HUEXFh6","Houston","Texans","HOU","houston-texans","htx","QMAZH1v922YLu","Tampa Bay","Buccaneers","TB","tampa-bay-buccaneers","tam","H","A",39,37,"https://www.pro-football-reference.com/boxscores/202311050htx.htm"
"closed",2023,9,"Sun","2023-11-05","1:00PM","D5QY6bOxfn8ZL","Green Bay","Packers","GB","green-bay-packers","gnb","u98I1lDKQBwZ0","Los Angeles","Rams","LA","los-angeles-rams","ram","H","A",20,3,"https://www.pro-football-reference.com/boxscores/202311050gnb.htm"
"closed",2023,9,"Sun","2023-11-05","1:00PM","IR4gIYmh269EI","Cleveland","Browns","CLE","cleveland-browns","cle","GJizlkzQFaqGA","Arizona","Cardinals","ARI","arizona-cardinals","crd","H","A",27,0,"https://www.pro-football-reference.com/boxscores/202311050cle.htm"
"closed",2023,9,"Sun","2023-11-05","8:20PM","22ZdibiqvfA2D","Cincinnati","Bengals","CIN","cincinnati-bengals","cin","3VqeLK0LS9rpw","Buffalo","Bills","BUF","buffalo-bills","buf","H","A",24,18,"https://www.pro-football-reference.com/boxscores/202311050cin.htm"
"closed",2023,9,"Sun","2023-11-05","4:05PM","LJmHetie5VbbO","Indianapolis","Colts","IND","indianapolis-colts","clt","jJBGuksuDJF5L","Carolina","Panthers","CAR","carolina-panthers","car","A","H",27,13,"https://www.pro-football-reference.com/boxscores/202311050car.htm"
"closed",2023,9,"Sun","2023-11-05","1:00PM","AzOs5UWsXusSW","Minnesota","Vikings","MIN","minnesota-vikings","min","mLspw4gJNTQGN","Atlanta","Falcons","ATL","atlanta-falcons","atl","A","H",31,28,"https://www.pro-football-reference.com/boxscores/202311050atl.htm"
"closed",2023,9,"Thu","2023-11-02","8:15PM","SlVgURDFI7EXX","Pittsburgh","Steelers","PIT","pittsburgh-steelers","pit","ltMyRE3yvVUaw","Tennessee","Titans","TEN","tennessee-titans","oti","H","A",20,16,"https://www.pro-football-reference.com/boxscores/202311020pit.htm"
"closed",2023,8,"Mon","2023-10-30","8:15PM","FCuH1wdksA2DQ","Detroit","Lions","DET","detroit-lions","det","LZoDld8s63xUs","Las Vegas","Raiders","LV","las-vegas-raiders","rai","H","A",26,14,"https://www.pro-football-reference.com/boxscores/202310300det.htm"
"closed",2023,8,"Sun","2023-10-29","1:00PM","hjjmgzxilGWdr","Philadelphia","Eagles","PHI","philadelphia-eagles","phi","9JtBk8kFeaGEs","Washington","Football Team","WAS","washington-commanders","was","A","H",38,31,"https://www.pro-football-reference.com/boxscores/202310290was.htm"
"closed",2023,8,"Sun","2023-10-29","4:25PM","22ZdibiqvfA2D","Cincinnati","Bengals","CIN","cincinnati-bengals","cin","IwSI92ZDKoazn","San Francisco","49ers","SF","san-francisco-49ers","sfo","A","H",31,17,"https://www.pro-football-reference.com/boxscores/202310290sfo.htm"
"closed",2023,8,"Sun","2023-10-29","4:05PM","4M8AK5p0WXs1N","Seattle","Seahawks","SEA","seattle-seahawks","sea","IR4gIYmh269EI","Cleveland","Browns","CLE","cleveland-browns","cle","H","A",24,20,"https://www.pro-football-reference.com/boxscores/202310290sea.htm"
"closed",2023,8,"Sun","2023-10-29","8:20PM","SjaMbkmeizJD4","Los Angeles","Chargers","LAC","los-angeles-chargers","sdg","1vVmWGzUZ1rea","Chicago","Bears","CHI","chicago-bears","chi","H","A",30,13,"https://www.pro-football-reference.com/boxscores/202310290sdg.htm"
"closed",2023,8,"Sun","2023-10-29","1:00PM","RtOjnciWkJPaL","Jacksonville","Jaguars","JAC","jacksonville-jaguars","jax","SlVgURDFI7EXX","Pittsburgh","Steelers","PIT","pittsburgh-steelers","pit","A","H",20,10,"https://www.pro-football-reference.com/boxscores/202310290pit.htm"
"closed",2023,8,"Sun","2023-10-29","1:00PM","ltMyRE3yvVUaw","Tennessee","Titans","TEN","tennessee-titans","oti","mLspw4gJNTQGN","Atlanta","Falcons","ATL","atlanta-falcons","atl","H","A",28,23,"https://www.pro-football-reference.com/boxscores/202310290oti.htm"
"closed",2023,8,"Sun","2023-10-29","1:00PM","mexvMWO2v1hWn","New York","Jets","NYJ","new-york-jets","nyj","n8CuHV9wbYCqF","New York","Giants","NYG","new-york-giants","nyg","A","H",13,10,"https://www.pro-football-reference.com/boxscores/202310290nyg.htm"
"closed",2023,8,"Sun","2023-10-29","1:00PM","mfbu6O5aMHbJg","Miami","Dolphins","MIA","miami-dolphins","mia","VkxV91RtzHn65","New England","Patriots","NE","new-england-patriots","nwe","H","A",31,17,"https://www.pro-football-reference.com/boxscores/202310290mia.htm"
"closed",2023,8,"Sun","2023-10-29","1:00PM","AzOs5UWsXusSW","Minnesota","Vikings","MIN","minnesota-vikings","min","D5QY6bOxfn8ZL","Green Bay","Packers","GB","green-bay-packers","gnb","A","H",24,10,"https://www.pro-football-reference.com/boxscores/202310290gnb.htm"
"closed",2023,8,"Sun","2023-10-29","4:25PM","6DclFuycdPaOB","Denver","Broncos","DEN","denver-broncos","den","oiGiwWPf0UqMC","Kansas City","Chiefs","KC","kansas-city-chiefs","kan","H","A",24,9,"https://www.pro-football-reference.com/boxscores/202310290den.htm"
"closed",2023,8,"Sun","2023-10-29","1:00PM","KdjU81i7YSFE7","Dallas","Cowboys","DAL","dallas-cowboys","dal","u98I1lDKQBwZ0","Los Angeles","Rams","LA","los-angeles-rams","ram","H","A",43,20,"https://www.pro-football-reference.com/boxscores/202310290dal.htm"
"closed",2023,8,"Sun","2023-10-29","4:25PM","zyhFXj1nywrm1","Baltimore","Ravens","BAL","baltimore-ravens","rav","GJizlkzQFaqGA","Arizona","Cardinals","ARI","arizona-cardinals","crd","A","H",31,24,"https://www.pro-football-reference.com/boxscores/202310290crd.htm"
"closed",2023,8,"Sun","2023-10-29","1:00PM","CI5mhfNa0Zqd2","New Orleans","Saints","NO","new-orleans-saints","nor","LJmHetie5VbbO","Indianapolis","Colts","IND","indianapolis-colts","clt","A","H",38,27,"https://www.pro-football-reference.com/boxscores/202310290clt.htm"
"closed",2023,8,"Sun","2023-10-29","1:00PM","jJBGuksuDJF5L","Carolina","Panthers","CAR","carolina-panthers","car","UI0Ax4HUEXFh6","Houston","Texans","HOU","houston-texans","htx","H","A",15,13,"https://www.pro-football-reference.com/boxscores/202310290car.htm"
"closed",2023,8,"Thu","2023-10-26","8:15PM","3VqeLK0LS9rpw","Buffalo","Bills","BUF","buffalo-bills","buf","QMAZH1v922YLu","Tampa Bay","Buccaneers","TB","tampa-bay-buccaneers","tam","H","A",24,18,"https://www.pro-football-reference.com/boxscores/202310260buf.htm"
"closed",2023,7,"Mon","2023-10-23","8:15PM","AzOs5UWsXusSW","Minnesota","Vikings","MIN","minnesota-vikings","min","IwSI92ZDKoazn","San Francisco","49ers","SF","san-francisco-49ers","sfo","H","A",22,17,"https://www.pro-football-reference.com/boxscores/202310230min.htm"
"closed",2023,7,"Sun","2023-10-22","1:00PM","mLspw4gJNTQGN","Atlanta","Falcons","ATL","atlanta-falcons","atl","QMAZH1v922YLu","Tampa Bay","Buccaneers","TB","tampa-bay-buccaneers","tam","A","H",16,13,"https://www.pro-football-reference.com/boxscores/202310220tam.htm"
"closed",2023,7,"Sun","2023-10-22","4:05PM","4M8AK5p0WXs1N","Seattle","Seahawks","SEA","seattle-seahawks","sea","GJizlkzQFaqGA","Arizona","Cardinals","ARI","arizona-cardinals","crd","H","A",20,10,"https://www.pro-football-reference.com/boxscores/202310220sea.htm"
"closed",2023,7,"Sun","2023-10-22","1:00PM","zyhFXj1nywrm1","Baltimore","Ravens","BAL","baltimore-ravens","rav","FCuH1wdksA2DQ","Detroit","Lions","DET","detroit-lions","det","H","A",38,6,"https://www.pro-football-reference.com/boxscores/202310220rav.htm"
"closed",2023,7,"Sun","2023-10-22","4:05PM","SlVgURDFI7EXX","Pittsburgh","Steelers","PIT","pittsburgh-steelers","pit","u98I1lDKQBwZ0","Los Angeles","Rams","LA","los-angeles-rams","ram","A","H",24,17,"https://www.pro-football-reference.com/boxscores/202310220ram.htm"
"closed",2023,7,"Sun","2023-10-22","8:20PM","hjjmgzxilGWdr","Philadelphia","Eagles","PHI","philadelphia-eagles","phi","mfbu6O5aMHbJg","Miami","Dolphins","MIA","miami-dolphins","mia","H","A",31,17,"https://www.pro-football-reference.com/boxscores/202310220phi.htm"
"closed",2023,7,"Sun","2023-10-22","1:00PM","n8CuHV9wbYCqF","New York","Giants","NYG","new-york-giants","nyg","9JtBk8kFeaGEs","Washington","Football Team","WAS","washington-commanders","was","H","A",14,7,"https://www.pro-football-reference.com/boxscores/202310220nyg.htm"
"closed",2023,7,"Sun","2023-10-22","1:00PM","VkxV91RtzHn65","New England","Patriots","NE","new-england-patriots","nwe","3VqeLK0LS9rpw","Buffalo","Bills","BUF","buffalo-bills","buf","H","A",29,25,"https://www.pro-football-reference.com/boxscores/202310220nwe.htm"
"closed",2023,7,"Sun","2023-10-22","4:25PM","oiGiwWPf0UqMC","Kansas City","Chiefs","KC","kansas-city-chiefs","kan","SjaMbkmeizJD4","Los Angeles","Chargers","LAC","los-angeles-chargers","sdg","H","A",31,17,"https://www.pro-football-reference.com/boxscores/202310220kan.htm"
"closed",2023,7,"Sun","2023-10-22","4:25PM","6DclFuycdPaOB","Denver","Broncos","DEN","denver-broncos","den","D5QY6bOxfn8ZL","Green Bay","Packers","GB","green-bay-packers","gnb","H","A",19,17,"https://www.pro-football-reference.com/boxscores/202310220den.htm"
"closed",2023,7,"Sun","2023-10-22","1:00PM","IR4gIYmh269EI","Cleveland","Browns","CLE","cleveland-browns","cle","LJmHetie5VbbO","Indianapolis","Colts","IND","indianapolis-colts","clt","A","H",39,38,"https://www.pro-football-reference.com/boxscores/202310220clt.htm"
"closed",2023,7,"Sun","2023-10-22","1:00PM","1vVmWGzUZ1rea","Chicago","Bears","CHI","chicago-bears","chi","LZoDld8s63xUs","Las Vegas","Raiders","LV","las-vegas-raiders","rai","H","A",30,12,"https://www.pro-football-reference.com/boxscores/202310220chi.htm"
"closed",2023,7,"Thu","2023-10-19","8:15PM","RtOjnciWkJPaL","Jacksonville","Jaguars","JAC","jacksonville-jaguars","jax","CI5mhfNa0Zqd2","New Orleans","Saints","NO","new-orleans-saints","nor","A","H",31,24,"https://www.pro-football-reference.com/boxscores/202310190nor.htm"
"closed",2023,6,"Mon","2023-10-16","8:15PM","KdjU81i7YSFE7","Dallas","Cowboys","DAL","dallas-cowboys","dal","SjaMbkmeizJD4","Los Angeles","Chargers","LAC","los-angeles-chargers","sdg","A","H",20,17,"https://www.pro-football-reference.com/boxscores/202310160sdg.htm"
"closed",2023,6,"Sun","2023-10-15","4:25PM","FCuH1wdksA2DQ","Detroit","Lions","DET","detroit-lions","det","QMAZH1v922YLu","Tampa Bay","Buccaneers","TB","tampa-bay-buccaneers","tam","A","H",20,6,"https://www.pro-football-reference.com/boxscores/202310150tam.htm"
"closed",2023,6,"Sun","2023-10-15","4:25PM","u98I1lDKQBwZ0","Los Angeles","Rams","LA","los-angeles-rams","ram","GJizlkzQFaqGA","Arizona","Cardinals","ARI","arizona-cardinals","crd","H","A",26,9,"https://www.pro-football-reference.com/boxscores/202310150ram.htm"
"closed",2023,6,"Sun","2023-10-15","4:05PM","LZoDld8s63xUs","Las Vegas","Raiders","LV","las-vegas-raiders","rai","VkxV91RtzHn65","New England","Patriots","NE","new-england-patriots","nwe","H","A",21,17,"https://www.pro-football-reference.com/boxscores/202310150rai.htm"
"closed",2023,6,"Sun","2023-10-15","9:30AM","zyhFXj1nywrm1","Baltimore","Ravens","BAL","baltimore-ravens","rav","ltMyRE3yvVUaw","Tennessee","Titans","TEN","tennessee-titans","oti","A","H",24,16,"https://www.pro-football-reference.com/boxscores/202310150oti.htm"
"closed",2023,6,"Sun","2023-10-15","4:25PM","mexvMWO2v1hWn","New York","Jets","NYJ","new-york-jets","nyj","hjjmgzxilGWdr","Philadelphia","Eagles","PHI","philadelphia-eagles","phi","H","A",20,14,"https://www.pro-football-reference.com/boxscores/202310150nyj.htm"
"closed",2023,6,"Sun","2023-10-15","1:00PM","mfbu6O5aMHbJg","Miami","Dolphins","MIA","miami-dolphins","mia","jJBGuksuDJF5L","Carolina","Panthers","CAR","carolina-panthers","car","H","A",42,21,"https://www.pro-football-reference.com/boxscores/202310150mia.htm"
"closed",2023,6,"Sun","2023-10-15","1:00PM","RtOjnciWkJPaL","Jacksonville","Jaguars","JAC","jacksonville-jaguars","jax","LJmHetie5VbbO","Indianapolis","Colts","IND","indianapolis-colts","clt","H","A",37,20,"https://www.pro-football-reference.com/boxscores/202310150jax.htm"
"closed",2023,6,"Sun","2023-10-15","1:00PM","UI0Ax4HUEXFh6","Houston","Texans","HOU","houston-texans","htx","CI5mhfNa0Zqd2","New Orleans","Saints","NO","new-orleans-saints","nor","H","A",20,13,"https://www.pro-football-reference.com/boxscores/202310150htx.htm"
"closed",2023,6,"Sun","2023-10-15","1:00PM","IR4gIYmh269EI","Cleveland","Browns","CLE","cleveland-browns","cle","IwSI92ZDKoazn","San Francisco","49ers","SF","san-francisco-49ers","sfo","H","A",19,17,"https://www.pro-football-reference.com/boxscores/202310150cle.htm"
"closed",2023,6,"Sun","2023-10-15","1:00PM","22ZdibiqvfA2D","Cincinnati","Bengals","CIN","cincinnati-bengals","cin","4M8AK5p0WXs1N","Seattle","Seahawks","SEA","seattle-seahawks","sea","H","A",17,13,"https://www.pro-football-reference.com/boxscores/202310150cin.htm"
"closed",2023,6,"Sun","2023-10-15","1:00PM","AzOs5UWsXusSW","Minnesota","Vikings","MIN","minnesota-vikings","min","1vVmWGzUZ1rea","Chicago","Bears","CHI","chicago-bears","chi","A","H",19,13,"https://www.pro-football-reference.com/boxscores/202310150chi.htm"
"closed",2023,6,"Sun","2023-10-15","8:20PM","3VqeLK0LS9rpw","Buffalo","Bills","BUF","buffalo-bills","buf","n8CuHV9wbYCqF","New York","Giants","NYG","new-york-giants","nyg","H","A",14,9,"https://www.pro-football-reference.com/boxscores/202310150buf.htm"
"closed",2023,6,"Sun","2023-10-15","1:00PM","9JtBk8kFeaGEs","Washington","Football Team","WAS","washington-commanders","was","mLspw4gJNTQGN","Atlanta","Falcons","ATL","atlanta-falcons","atl","A","H",24,16,"https://www.pro-football-reference.com/boxscores/202310150atl.htm"
"closed",2023,6,"Thu","2023-10-12","8:15PM","oiGiwWPf0UqMC","Kansas City","Chiefs","KC","kansas-city-chiefs","kan","6DclFuycdPaOB","Denver","Broncos","DEN","denver-broncos","den","H","A",19,8,"https://www.pro-football-reference.com/boxscores/202310120kan.htm"
"closed",2023,5,"Mon","2023-10-09","8:15PM","LZoDld8s63xUs","Las Vegas","Raiders","LV","las-vegas-raiders","rai","D5QY6bOxfn8ZL","Green Bay","Packers","GB","green-bay-packers","gnb","H","A",17,13,"https://www.pro-football-reference.com/boxscores/202310090rai.htm"
"closed",2023,5,"Sun","2023-10-08","8:20PM","IwSI92ZDKoazn","San Francisco","49ers","SF","san-francisco-49ers","sfo","KdjU81i7YSFE7","Dallas","Cowboys","DAL","dallas-cowboys","dal","H","A",42,10,"https://www.pro-football-reference.com/boxscores/202310080sfo.htm"
"closed",2023,5,"Sun","2023-10-08","4:05PM","hjjmgzxilGWdr","Philadelphia","Eagles","PHI","philadelphia-eagles","phi","u98I1lDKQBwZ0","Los Angeles","Rams","LA","los-angeles-rams","ram","A","H",23,14,"https://www.pro-football-reference.com/boxscores/202310080ram.htm"
"closed",2023,5,"Sun","2023-10-08","1:00PM","SlVgURDFI7EXX","Pittsburgh","Steelers","PIT","pittsburgh-steelers","pit","zyhFXj1nywrm1","Baltimore","Ravens","BAL","baltimore-ravens","rav","H","A",17,10,"https://www.pro-football-reference.com/boxscores/202310080pit.htm"
"closed",2023,5,"Sun","2023-10-08","1:00PM","CI5mhfNa0Zqd2","New Orleans","Saints","NO","new-orleans-saints","nor","VkxV91RtzHn65","New England","Patriots","NE","new-england-patriots","nwe","A","H",34,0,"https://www.pro-football-reference.com/boxscores/202310080nwe.htm"
"closed",2023,5,"Sun","2023-10-08","4:25PM","oiGiwWPf0UqMC","Kansas City","Chiefs","KC","kansas-city-chiefs","kan","AzOs5UWsXusSW","Minnesota","Vikings","MIN","minnesota-vikings","min","A","H",27,20,"https://www.pro-football-reference.com/boxscores/202310080min.htm"
"closed",2023,5,"Sun","2023-10-08","1:00PM","mfbu6O5aMHbJg","Miami","Dolphins","MIA","miami-dolphins","mia","n8CuHV9wbYCqF","New York","Giants","NYG","new-york-giants","nyg","H","A",31,16,"https://www.pro-football-reference.com/boxscores/202310080mia.htm"
"closed",2023,5,"Sun","2023-10-08","1:00PM","FCuH1wdksA2DQ","Detroit","Lions","DET","detroit-lions","det","jJBGuksuDJF5L","Carolina","Panthers","CAR","carolina-panthers","car","H","A",42,24,"https://www.pro-football-reference.com/boxscores/202310080det.htm"
"closed",2023,5,"Sun","2023-10-08","4:25PM","mexvMWO2v1hWn","New York","Jets","NYJ","new-york-jets","nyj","6DclFuycdPaOB","Denver","Broncos","DEN","denver-broncos","den","A","H",31,21,"https://www.pro-football-reference.com/boxscores/202310080den.htm"
"closed",2023,5,"Sun","2023-10-08","4:05PM","22ZdibiqvfA2D","Cincinnati","Bengals","CIN","cincinnati-bengals","cin","GJizlkzQFaqGA","Arizona","Cardinals","ARI","arizona-cardinals","crd","A","H",34,20,"https://www.pro-football-reference.com/boxscores/202310080crd.htm"
"closed",2023,5,"Sun","2023-10-08","1:00PM","LJmHetie5VbbO","Indianapolis","Colts","IND","indianapolis-colts","clt","ltMyRE3yvVUaw","Tennessee","Titans","TEN","tennessee-titans","oti","H","A",23,16,"https://www.pro-football-reference.com/boxscores/202310080clt.htm"
"closed",2023,5,"Sun","2023-10-08","9:30AM","RtOjnciWkJPaL","Jacksonville","Jaguars","JAC","jacksonville-jaguars","jax","3VqeLK0LS9rpw","Buffalo","Bills","BUF","buffalo-bills","buf","A","H",25,20,"https://www.pro-football-reference.com/boxscores/202310080buf.htm"
"closed",2023,5,"Sun","2023-10-08","1:00PM","mLspw4gJNTQGN","Atlanta","Falcons","ATL","atlanta-falcons","atl","UI0Ax4HUEXFh6","Houston","Texans","HOU","houston-texans","htx","H","A",21,19,"https://www.pro-football-reference.com/boxscores/202310080atl.htm"
"closed",2023,5,"Thu","2023-10-05","8:15PM","1vVmWGzUZ1rea","Chicago","Bears","CHI","chicago-bears","chi","9JtBk8kFeaGEs","Washington","Football Team","WAS","washington-commanders","was","A","H",40,20,"https://www.pro-football-reference.com/boxscores/202310050was.htm"
"closed",2023,4,"Mon","2023-10-02","8:15PM","4M8AK5p0WXs1N","Seattle","Seahawks","SEA","seattle-seahawks","sea","n8CuHV9wbYCqF","New York","Giants","NYG","new-york-giants","nyg","A","H",24,3,"https://www.pro-football-reference.com/boxscores/202310020nyg.htm"
"closed",2023,4,"Sun","2023-10-01","4:25PM","IwSI92ZDKoazn","San Francisco","49ers","SF","san-francisco-49ers","sfo","GJizlkzQFaqGA","Arizona","Cardinals","ARI","arizona-cardinals","crd","H","A",35,16,"https://www.pro-football-reference.com/boxscores/202310010sfo.htm"
"closed",2023,4,"Sun","2023-10-01","4:05PM","SjaMbkmeizJD4","Los Angeles","Chargers","LAC","los-angeles-chargers","sdg","LZoDld8s63xUs","Las Vegas","Raiders","LV","las-vegas-raiders","rai","H","A",24,17,"https://www.pro-football-reference.com/boxscores/202310010sdg.htm"
"closed",2023,4,"Sun","2023-10-01","1:00PM","hjjmgzxilGWdr","Philadelphia","Eagles","PHI","philadelphia-eagles","phi","9JtBk8kFeaGEs","Washington","Football Team","WAS","washington-commanders","was","H","A",34,31,"https://www.pro-football-reference.com/boxscores/202310010phi.htm"
"closed",2023,4,"Sun","2023-10-01","1:00PM","ltMyRE3yvVUaw","Tennessee","Titans","TEN","tennessee-titans","oti","22ZdibiqvfA2D","Cincinnati","Bengals","CIN","cincinnati-bengals","cin","H","A",27,3,"https://www.pro-football-reference.com/boxscores/202310010oti.htm"
"closed",2023,4,"Sun","2023-10-01","8:20PM","oiGiwWPf0UqMC","Kansas City","Chiefs","KC","kansas-city-chiefs","kan","mexvMWO2v1hWn","New York","Jets","NYJ","new-york-jets","nyj","A","H",23,20,"https://www.pro-football-reference.com/boxscores/202310010nyj.htm"
"closed",2023,4,"Sun","2023-10-01","1:00PM","QMAZH1v922YLu","Tampa Bay","Buccaneers","TB","tampa-bay-buccaneers","tam","CI5mhfNa0Zqd2","New Orleans","Saints","NO","new-orleans-saints","nor","A","H",26,9,"https://www.pro-football-reference.com/boxscores/202310010nor.htm"
"closed",2023,4,"Sun","2023-10-01","9:30AM","RtOjnciWkJPaL","Jacksonville","Jaguars","JAC","jacksonville-jaguars","jax","mLspw4gJNTQGN","Atlanta","Falcons","ATL","atlanta-falcons","atl","H","A",23,7,"https://www.pro-football-reference.com/boxscores/202310010jax.htm"
"closed",2023,4,"Sun","2023-10-01","1:00PM","UI0Ax4HUEXFh6","Houston","Texans","HOU","houston-texans","htx","SlVgURDFI7EXX","Pittsburgh","Steelers","PIT","pittsburgh-steelers","pit","H","A",30,6,"https://www.pro-football-reference.com/boxscores/202310010htx.htm"
"closed",2023,4,"Sun","2023-10-01","4:25PM","KdjU81i7YSFE7","Dallas","Cowboys","DAL","dallas-cowboys","dal","VkxV91RtzHn65","New England","Patriots","NE","new-england-patriots","nwe","H","A",38,3,"https://www.pro-football-reference.com/boxscores/202310010dal.htm"
"closed",2023,4,"Sun","2023-10-01","1:00PM","u98I1lDKQBwZ0","Los Angeles","Rams","LA","los-angeles-rams","ram","LJmHetie5VbbO","Indianapolis","Colts","IND","indianapolis-colts","clt","A","H",29,23,"https://www.pro-football-reference.com/boxscores/202310010clt.htm"
"closed",2023,4,"Sun","2023-10-01","1:00PM","zyhFXj1nywrm1","Baltimore","Ravens","BAL","baltimore-ravens","rav","IR4gIYmh269EI","Cleveland","Browns","CLE","cleveland-browns","cle","A","H",28,3,"https://www.pro-football-reference.com/boxscores/202310010cle.htm"
"closed",2023,4,"Sun","2023-10-01","1:00PM","6DclFuycdPaOB","Denver","Broncos","DEN","denver-broncos","den","1vVmWGzUZ1rea","Chicago","Bears","CHI","chicago-bears","chi","A","H",31,28,"https://www.pro-football-reference.com/boxscores/202310010chi.htm"
"closed",2023,4,"Sun","2023-10-01","1:00PM","AzOs5UWsXusSW","Minnesota","Vikings","MIN","minnesota-vikings","min","jJBGuksuDJF5L","Carolina","Panthers","CAR","carolina-panthers","car","A","H",21,13,"https://www.pro-football-reference.com/boxscores/202310010car.htm"
"closed",2023,4,"Sun","2023-10-01","1:00PM","3VqeLK0LS9rpw","Buffalo","Bills","BUF","buffalo-bills","buf","mfbu6O5aMHbJg","Miami","Dolphins","MIA","miami-dolphins","mia","H","A",48,20,"https://www.pro-football-reference.com/boxscores/202310010buf.htm"
"closed",2023,4,"Thu","2023-09-28","8:15PM","FCuH1wdksA2DQ","Detroit","Lions","DET","detroit-lions","det","D5QY6bOxfn8ZL","Green Bay","Packers","GB","green-bay-packers","gnb","A","H",34,20,"https://www.pro-football-reference.com/boxscores/202309280gnb.htm"
"closed",2023,3,"Mon","2023-09-25","7:15PM","hjjmgzxilGWdr","Philadelphia","Eagles","PHI","philadelphia-eagles","phi","QMAZH1v922YLu","Tampa Bay","Buccaneers","TB","tampa-bay-buccaneers","tam","A","H",25,11,"https://www.pro-football-reference.com/boxscores/202309250tam.htm"
"closed",2023,3,"Mon","2023-09-25","8:15PM","22ZdibiqvfA2D","Cincinnati","Bengals","CIN","cincinnati-bengals","cin","u98I1lDKQBwZ0","Los Angeles","Rams","LA","los-angeles-rams","ram","H","A",19,16,"https://www.pro-football-reference.com/boxscores/202309250cin.htm"
"closed",2023,3,"Sun","2023-09-24","1:00PM","3VqeLK0LS9rpw","Buffalo","Bills","BUF","buffalo-bills","buf","9JtBk8kFeaGEs","Washington","Football Team","WAS","washington-commanders","was","A","H",37,3,"https://www.pro-football-reference.com/boxscores/202309240was.htm"
"closed",2023,3,"Sun","2023-09-24","4:05PM","4M8AK5p0WXs1N","Seattle","Seahawks","SEA","seattle-seahawks","sea","jJBGuksuDJF5L","Carolina","Panthers","CAR","carolina-panthers","car","H","A",37,27,"https://www.pro-football-reference.com/boxscores/202309240sea.htm"
"closed",2023,3,"Sun","2023-09-24","1:00PM","LJmHetie5VbbO","Indianapolis","Colts","IND","indianapolis-colts","clt","zyhFXj1nywrm1","Baltimore","Ravens","BAL","baltimore-ravens","rav","A","H",22,19,"https://www.pro-football-reference.com/boxscores/202309240rav.htm"
"closed",2023,3,"Sun","2023-09-24","8:20PM","SlVgURDFI7EXX","Pittsburgh","Steelers","PIT","pittsburgh-steelers","pit","LZoDld8s63xUs","Las Vegas","Raiders","LV","las-vegas-raiders","rai","A","H",23,18,"https://www.pro-football-reference.com/boxscores/202309240rai.htm"
"closed",2023,3,"Sun","2023-09-24","1:00PM","VkxV91RtzHn65","New England","Patriots","NE","new-england-patriots","nwe","mexvMWO2v1hWn","New York","Jets","NYJ","new-york-jets","nyj","A","H",15,10,"https://www.pro-football-reference.com/boxscores/202309240nyj.htm"
"closed",2023,3,"Sun","2023-09-24","1:00PM","SjaMbkmeizJD4","Los Angeles","Chargers","LAC","los-angeles-chargers","sdg","AzOs5UWsXusSW","Minnesota","Vikings","MIN","minnesota-vikings","min","A","H",28,24,"https://www.pro-football-reference.com/boxscores/202309240min.htm"
"closed",2023,3,"Sun","2023-09-24","1:00PM","mfbu6O5aMHbJg","Miami","Dolphins","MIA","miami-dolphins","mia","6DclFuycdPaOB","Denver","Broncos","DEN","denver-broncos","den","H","A",70,20,"https://www.pro-football-reference.com/boxscores/202309240mia.htm"
"closed",2023,3,"Sun","2023-09-24","4:25PM","oiGiwWPf0UqMC","Kansas City","Chiefs","KC","kansas-city-chiefs","kan","1vVmWGzUZ1rea","Chicago","Bears","CHI","chicago-bears","chi","H","A",41,10,"https://www.pro-football-reference.com/boxscores/202309240kan.htm"
"closed",2023,3,"Sun","2023-09-24","1:00PM","UI0Ax4HUEXFh6","Houston","Texans","HOU","houston-texans","htx","RtOjnciWkJPaL","Jacksonville","Jaguars","JAC","jacksonville-jaguars","jax","A","H",37,17,"https://www.pro-football-reference.com/boxscores/202309240jax.htm"
"closed",2023,3,"Sun","2023-09-24","1:00PM","D5QY6bOxfn8ZL","Green Bay","Packers","GB","green-bay-packers","gnb","CI5mhfNa0Zqd2","New Orleans","Saints","NO","new-orleans-saints","nor","H","A",18,17,"https://www.pro-football-reference.com/boxscores/202309240gnb.htm"
"closed",2023,3,"Sun","2023-09-24","1:00PM","FCuH1wdksA2DQ","Detroit","Lions","DET","detroit-lions","det","mLspw4gJNTQGN","Atlanta","Falcons","ATL","atlanta-falcons","atl","H","A",20,6,"https://www.pro-football-reference.com/boxscores/202309240det.htm"
"closed",2023,3,"Sun","2023-09-24","4:25PM","GJizlkzQFaqGA","Arizona","Cardinals","ARI","arizona-cardinals","crd","KdjU81i7YSFE7","Dallas","Cowboys","DAL","dallas-cowboys","dal","H","A",28,16,"https://www.pro-football-reference.com/boxscores/202309240crd.htm"
"closed",2023,3,"Sun","2023-09-24","1:00PM","IR4gIYmh269EI","Cleveland","Browns","CLE","cleveland-browns","cle","ltMyRE3yvVUaw","Tennessee","Titans","TEN","tennessee-titans","oti","H","A",27,3,"https://www.pro-football-reference.com/boxscores/202309240cle.htm"
"closed",2023,3,"Thu","2023-09-21","8:15PM","IwSI92ZDKoazn","San Francisco","49ers","SF","san-francisco-49ers","sfo","n8CuHV9wbYCqF","New York","Giants","NYG","new-york-giants","nyg","H","A",30,12,"https://www.pro-football-reference.com/boxscores/202309210sfo.htm"
"closed",2023,2,"Mon","2023-09-18","8:15PM","SlVgURDFI7EXX","Pittsburgh","Steelers","PIT","pittsburgh-steelers","pit","IR4gIYmh269EI","Cleveland","Browns","CLE","cleveland-browns","cle","H","A",26,22,"https://www.pro-football-reference.com/boxscores/202309180pit.htm"
"closed",2023,2,"Mon","2023-09-18","7:15PM","CI5mhfNa0Zqd2","New Orleans","Saints","NO","new-orleans-saints","nor","jJBGuksuDJF5L","Carolina","Panthers","CAR","carolina-panthers","car","A","H",20,17,"https://www.pro-football-reference.com/boxscores/202309180car.htm"
"closed",2023,2,"Sun","2023-09-17","1:00PM","QMAZH1v922YLu","Tampa Bay","Buccaneers","TB","tampa-bay-buccaneers","tam","1vVmWGzUZ1rea","Chicago","Bears","CHI","chicago-bears","chi","H","A",27,17,"https://www.pro-football-reference.com/boxscores/202309170tam.htm"
"closed",2023,2,"Sun","2023-09-17","4:05PM","IwSI92ZDKoazn","San Francisco","49ers","SF","san-francisco-49ers","sfo","u98I1lDKQBwZ0","Los Angeles","Rams","LA","los-angeles-rams","ram","A","H",30,23,"https://www.pro-football-reference.com/boxscores/202309170ram.htm"
"closed",2023,2,"Sun","2023-09-17","1:00PM","ltMyRE3yvVUaw","Tennessee","Titans","TEN","tennessee-titans","oti","SjaMbkmeizJD4","Los Angeles","Chargers","LAC","los-angeles-chargers","sdg","H","A",27,24,"https://www.pro-football-reference.com/boxscores/202309170oti.htm"
"closed",2023,2,"Sun","2023-09-17","8:20PM","mfbu6O5aMHbJg","Miami","Dolphins","MIA","miami-dolphins","mia","VkxV91RtzHn65","New England","Patriots","NE","new-england-patriots","nwe","A","H",24,17,"https://www.pro-football-reference.com/boxscores/202309170nwe.htm"
"closed",2023,2,"Sun","2023-09-17","1:00PM","oiGiwWPf0UqMC","Kansas City","Chiefs","KC","kansas-city-chiefs","kan","RtOjnciWkJPaL","Jacksonville","Jaguars","JAC","jacksonville-jaguars","jax","A","H",17,9,"https://www.pro-football-reference.com/boxscores/202309170jax.htm"
"closed",2023,2,"Sun","2023-09-17","1:00PM","LJmHetie5VbbO","Indianapolis","Colts","IND","indianapolis-colts","clt","UI0Ax4HUEXFh6","Houston","Texans","HOU","houston-texans","htx","A","H",31,20,"https://www.pro-football-reference.com/boxscores/202309170htx.htm"
"closed",2023,2,"Sun","2023-09-17","1:00PM","4M8AK5p0WXs1N","Seattle","Seahawks","SEA","seattle-seahawks","sea","FCuH1wdksA2DQ","Detroit","Lions","DET","detroit-lions","det","A","H",37,31,"https://www.pro-football-reference.com/boxscores/202309170det.htm"
"closed",2023,2,"Sun","2023-09-17","4:25PM","9JtBk8kFeaGEs","Washington","Football Team","WAS","washington-commanders","was","6DclFuycdPaOB","Denver","Broncos","DEN","denver-broncos","den","A","H",35,33,"https://www.pro-football-reference.com/boxscores/202309170den.htm"
"closed",2023,2,"Sun","2023-09-17","4:25PM","KdjU81i7YSFE7","Dallas","Cowboys","DAL","dallas-cowboys","dal","mexvMWO2v1hWn","New York","Jets","NYJ","new-york-jets","nyj","H","A",30,10,"https://www.pro-football-reference.com/boxscores/202309170dal.htm"
"closed",2023,2,"Sun","2023-09-17","4:05PM","n8CuHV9wbYCqF","New York","Giants","NYG","new-york-giants","nyg","GJizlkzQFaqGA","Arizona","Cardinals","ARI","arizona-cardinals","crd","A","H",31,28,"https://www.pro-football-reference.com/boxscores/202309170crd.htm"
"closed",2023,2,"Sun","2023-09-17","1:00PM","zyhFXj1nywrm1","Baltimore","Ravens","BAL","baltimore-ravens","rav","22ZdibiqvfA2D","Cincinnati","Bengals","CIN","cincinnati-bengals","cin","A","H",27,24,"https://www.pro-football-reference.com/boxscores/202309170cin.htm"
"closed",2023,2,"Sun","2023-09-17","1:00PM","3VqeLK0LS9rpw","Buffalo","Bills","BUF","buffalo-bills","buf","LZoDld8s63xUs","Las Vegas","Raiders","LV","las-vegas-raiders","rai","H","A",38,10,"https://www.pro-football-reference.com/boxscores/202309170buf.htm"
"closed",2023,2,"Sun","2023-09-17","1:00PM","mLspw4gJNTQGN","Atlanta","Falcons","ATL","atlanta-falcons","atl","D5QY6bOxfn8ZL","Green Bay","Packers","GB","green-bay-packers","gnb","H","A",25,24,"https://www.pro-football-reference.com/boxscores/202309170atl.htm"
"closed",2023,2,"Thu","2023-09-14","8:15PM","hjjmgzxilGWdr","Philadelphia","Eagles","PHI","philadelphia-eagles","phi","AzOs5UWsXusSW","Minnesota","Vikings","MIN","minnesota-vikings","min","H","A",34,28,"https://www.pro-football-reference.com/boxscores/202309140phi.htm"
"closed",2023,1,"Mon","2023-09-11","8:15PM","mexvMWO2v1hWn","New York","Jets","NYJ","new-york-jets","nyj","3VqeLK0LS9rpw","Buffalo","Bills","BUF","buffalo-bills","buf","H","A",22,16,"https://www.pro-football-reference.com/boxscores/202309110nyj.htm"
"closed",2023,1,"Sun","2023-09-10","1:00PM","9JtBk8kFeaGEs","Washington","Football Team","WAS","washington-commanders","was","GJizlkzQFaqGA","Arizona","Cardinals","ARI","arizona-cardinals","crd","H","A",20,16,"https://www.pro-football-reference.com/boxscores/202309100was.htm"
"closed",2023,1,"Sun","2023-09-10","4:25PM","u98I1lDKQBwZ0","Los Angeles","Rams","LA","los-angeles-rams","ram","4M8AK5p0WXs1N","Seattle","Seahawks","SEA","seattle-seahawks","sea","A","H",30,13,"https://www.pro-football-reference.com/boxscores/202309100sea.htm"
"closed",2023,1,"Sun","2023-09-10","4:25PM","mfbu6O5aMHbJg","Miami","Dolphins","MIA","miami-dolphins","mia","SjaMbkmeizJD4","Los Angeles","Chargers","LAC","los-angeles-chargers","sdg","A","H",36,34,"https://www.pro-football-reference.com/boxscores/202309100sdg.htm"
"closed",2023,1,"Sun","2023-09-10","1:00PM","zyhFXj1nywrm1","Baltimore","Ravens","BAL","baltimore-ravens","rav","UI0Ax4HUEXFh6","Houston","Texans","HOU","houston-texans","htx","H","A",25,9,"https://www.pro-football-reference.com/boxscores/202309100rav.htm"
"closed",2023,1,"Sun","2023-09-10","1:00PM","IwSI92ZDKoazn","San Francisco","49ers","SF","san-francisco-49ers","sfo","SlVgURDFI7EXX","Pittsburgh","Steelers","PIT","pittsburgh-steelers","pit","A","H",30,7,"https://www.pro-football-reference.com/boxscores/202309100pit.htm"
"closed",2023,1,"Sun","2023-09-10","8:20PM","KdjU81i7YSFE7","Dallas","Cowboys","DAL","dallas-cowboys","dal","n8CuHV9wbYCqF","New York","Giants","NYG","new-york-giants","nyg","A","H",40,0,"https://www.pro-football-reference.com/boxscores/202309100nyg.htm"
"closed",2023,1,"Sun","2023-09-10","4:25PM","hjjmgzxilGWdr","Philadelphia","Eagles","PHI","philadelphia-eagles","phi","VkxV91RtzHn65","New England","Patriots","NE","new-england-patriots","nwe","A","H",25,20,"https://www.pro-football-reference.com/boxscores/202309100nwe.htm"
"closed",2023,1,"Sun","2023-09-10","1:00PM","CI5mhfNa0Zqd2","New Orleans","Saints","NO","new-orleans-saints","nor","ltMyRE3yvVUaw","Tennessee","Titans","TEN","tennessee-titans","oti","H","A",16,15,"https://www.pro-football-reference.com/boxscores/202309100nor.htm"
"closed",2023,1,"Sun","2023-09-10","1:00PM","QMAZH1v922YLu","Tampa Bay","Buccaneers","TB","tampa-bay-buccaneers","tam","AzOs5UWsXusSW","Minnesota","Vikings","MIN","minnesota-vikings","min","A","H",20,17,"https://www.pro-football-reference.com/boxscores/202309100min.htm"
"closed",2023,1,"Sun","2023-09-10","4:25PM","LZoDld8s63xUs","Las Vegas","Raiders","LV","las-vegas-raiders","rai","6DclFuycdPaOB","Denver","Broncos","DEN","denver-broncos","den","A","H",17,16,"https://www.pro-football-reference.com/boxscores/202309100den.htm"
"closed",2023,1,"Sun","2023-09-10","1:00PM","RtOjnciWkJPaL","Jacksonville","Jaguars","JAC","jacksonville-jaguars","jax","LJmHetie5VbbO","Indianapolis","Colts","IND","indianapolis-colts","clt","A","H",31,21,"https://www.pro-football-reference.com/boxscores/202309100clt.htm"
"closed",2023,1,"Sun","2023-09-10","1:00PM","IR4gIYmh269EI","Cleveland","Browns","CLE","cleveland-browns","cle","22ZdibiqvfA2D","Cincinnati","Bengals","CIN","cincinnati-bengals","cin","H","A",24,3,"https://www.pro-football-reference.com/boxscores/202309100cle.htm"
"closed",2023,1,"Sun","2023-09-10","4:25PM","D5QY6bOxfn8ZL","Green Bay","Packers","GB","green-bay-packers","gnb","1vVmWGzUZ1rea","Chicago","Bears","CHI","chicago-bears","chi","A","H",38,20,"https://www.pro-football-reference.com/boxscores/202309100chi.htm"
"closed",2023,1,"Sun","2023-09-10","1:00PM","mLspw4gJNTQGN","Atlanta","Falcons","ATL","atlanta-falcons","atl","jJBGuksuDJF5L","Carolina","Panthers","CAR","carolina-panthers","car","H","A",24,10,"https://www.pro-football-reference.com/boxscores/202309100atl.htm"
"closed",2023,1,"Thu","2023-09-07","8:20PM","FCuH1wdksA2DQ","Detroit","Lions","DET","detroit-lions","det","oiGiwWPf0UqMC","Kansas City","Chiefs","KC","kansas-city-chiefs","kan","A","H",21,20,"https://www.pro-football-reference.com/boxscores/202309070kan.htm"
